SIN,Project,BagID,DateColl,Region,Location,Latitude,Longitude,SpeciesBio,TissueBio,Length,Weight,d15N,d13C,percentC,percentN,BombED_Dry,LifeStage,commentsCust,SampleCat
459000,EVOS Production,EVOSprod-oyster-subadult_BS-FLUPSY_05-2024,5/28/2024,Jinhi Bay,BLST,55.88594818,-133.2797394,Magallana gigas,viscera,61,3.769999981,8.600820541,-20.39346313,44.03104019,7.973619461,18.28000069,subadult,Blue Starr Oyster Farm,T0
459001,EVOS Production,EVOSprod-oyster-subadult_BS-FLUPSY_05-2024,5/28/2024,Jinhi Bay,BLST,55.88594818,-133.2797394,Magallana gigas,viscera,63,6.760000229,9.010705948,-19.73894119,45.13556671,8.661522865,18.81999969,subadult,Blue Starr Oyster Farm,T0
459002,EVOS Production,EVOSprod-oyster-subadult_BS-FLUPSY_05-2024,5/28/2024,Jinhi Bay,BLST,55.88594818,-133.2797394,Magallana gigas,viscera,44,2.150000095,8.861731529,-19.73064804,44.3955307,8.022642136,18.44000053,subadult,Blue Starr Oyster Farm,T0
459003,EVOS Production,EVOSprod-oyster-subadult_BS-FLUPSY_05-2024,5/28/2024,Jinhi Bay,BLST,55.88594818,-133.2797394,Magallana gigas,viscera,56,2.289999962,8.88742733,-20.11584854,43.47022247,8.263679504,18.87999916,subadult,Blue Starr Oyster Farm,T0
459004,EVOS Production,EVOSprod-oyster-subadult_BS-FLUPSY_05-2024,5/28/2024,Jinhi Bay,BLST,55.88594818,-133.2797394,Magallana gigas,viscera,56,2.289999962,8.944895744,-19.92741776,43.47047424,7.856768608,18.05999947,subadult,Blue Starr Oyster Farm,T0
459005,EVOS Production,EVOSprod-oyster-subadult_BS-FLUPSY_05-2024,5/28/2024,Jinhi Bay,BLST,55.88594818,-133.2797394,Magallana gigas,viscera,51,2.220000029,8.902669907,-20.13720894,43.53426743,7.859946728,15.63000011,subadult,Blue Starr Oyster Farm,T0
459006,EVOS Production,EVOSprod-oyster-subadult_BS-FLUPSY_05-2024,5/28/2024,Jinhi Bay,BLST,55.88594818,-133.2797394,Magallana gigas,viscera,73,3.099999905,8.674654961,-20.52435303,44.40275192,7.983008862,18.42000008,subadult,Blue Starr Oyster Farm,T0
459007,EVOS Production,EVOSprod-oyster-subadult_BS-FLUPSY_05-2024,5/28/2024,Jinhi Bay,BLST,55.88594818,-133.2797394,Magallana gigas,viscera,60,3.210000038,9.030568123,-20.02649689,42.05847549,7.692936897,18.46999931,subadult,Blue Starr Oyster Farm,T0
459008,EVOS Production,EVOSprod-oyster-subadult_BS-FLUPSY_05-2024,5/28/2024,Jinhi Bay,BLST,55.88594818,-133.2797394,Magallana gigas,viscera,58,2.880000114,9.343690872,-19.50160027,44.42061615,8.475863457,19.43000031,subadult,Blue Starr Oyster Farm,T0
459009,EVOS Production,EVOSprod-oyster-subadult_BS-FLUPSY_05-2024,5/28/2024,Jinhi Bay,BLST,55.88594818,-133.2797394,Magallana gigas,viscera,59,4.5,8.913087845,-20.29501724,43.02153397,7.70622015,18.44000053,subadult,Blue Starr Oyster Farm,T0
459010,EVOS Production,EVOSprod-oyster-subadult_BS-FLUPSY_05-2024,5/28/2024,Jinhi Bay,BLST,55.88594818,-133.2797394,Magallana gigas,viscera,65,3.74000001,9.202566147,-20.104105,42.71888733,7.309307575,12.93999958,subadult,Blue Starr Oyster Farm,T0
459011,EVOS Production,EVOSprod-oyster-subadult_BS-FLUPSY_05-2024,5/28/2024,Jinhi Bay,BLST,55.88594818,-133.2797394,Magallana gigas,viscera,60,2.99000001,9.232463837,-19.94964981,42.8548851,8.891757011,17.17000008,subadult,Blue Starr Oyster Farm,T0
459012,EVOS Production,EVOSprod-oyster-subadult_BS-FLUPSY_05-2024,5/28/2024,Jinhi Bay,BLST,55.88594818,-133.2797394,Magallana gigas,viscera,81,4.449999809,8.699077606,-19.76377106,42.49990463,7.303010941,17.93000031,subadult,Blue Starr Oyster Farm,T0
459013,EVOS Production,EVOSprod-oyster-subadult_BS-FLUPSY_05-2024,5/28/2024,Jinhi Bay,BLST,55.88594818,-133.2797394,Magallana gigas,viscera,60,3.200000048,8.759008408,-20.58753967,42.22423172,7.973205566,18.27000046,subadult,Blue Starr Oyster Farm,T0
459014,EVOS Production,EVOSprod-oyster-subadult_BS-FLUPSY_05-2024,5/28/2024,Jinhi Bay,BLST,55.88594818,-133.2797394,Magallana gigas,viscera,64,3.809999943,9.213511467,-20.10396576,42.44829178,7.610334396,18.80999947,subadult,Blue Starr Oyster Farm,T0
459015,EVOS Production,EVOSprod-oyster-subadult_BS-FLUPSY_05-2024,5/28/2024,Jinhi Bay,BLST,55.88594818,-133.2797394,Magallana gigas,viscera,72,4.670000076,8.357821465,-20.21974945,43.74887085,8.112136841,17.70999908,subadult,Blue Starr Oyster Farm,T0
459016,EVOS Production,EVOSprod-oyster-subadult_BS-FLUPSY_05-2024,5/28/2024,Jinhi Bay,BLST,55.88594818,-133.2797394,Magallana gigas,viscera,55,2.829999924,8.715825081,-20.32070541,43.09057236,7.87404871,17.80999947,subadult,Blue Starr Oyster Farm,T0
459017,EVOS Production,EVOSprod-oyster-subadult_BS-FLUPSY_05-2024,5/28/2024,Jinhi Bay,BLST,55.88594818,-133.2797394,Magallana gigas,viscera,53,2.5,8.785373688,-19.7034359,40.91457748,7.33062458,18.44000053,subadult,Blue Starr Oyster Farm,T0
459018,EVOS Production,EVOSprod-oyster-subadult_BS-FLUPSY_05-2024,5/28/2024,Jinhi Bay,BLST,55.88594818,-133.2797394,Magallana gigas,viscera,56,2.369999886,8.793995857,-20.73945999,41.78419113,7.277462482,18.39999962,subadult,Blue Starr Oyster Farm,T0
459019,EVOS Production,EVOSprod-oyster-subadult_BS-FLUPSY_05-2024,5/28/2024,Jinhi Bay,BLST,55.88594818,-133.2797394,Magallana gigas,viscera,63,2.920000076,8.556530952,-20.36400414,42.43641663,7.578519821,18.29000092,subadult,Blue Starr Oyster Farm,T0
459020,EVOS Production,EVOSprod-oyster-subadult_BS-FLUPSY_05-2024,5/28/2024,Jinhi Bay,BLST,55.88594818,-133.2797394,Magallana gigas,viscera,68,2.690000057,8.743267059,-20.17532158,41.86312103,7.299199104,15.97000027,subadult,Blue Starr Oyster Farm,T0
459021,EVOS Production,EVOSprod-oyster-subadult_BS-FLUPSY_05-2024,5/28/2024,Jinhi Bay,BLST,55.88594818,-133.2797394,Magallana gigas,viscera,77,5.650000095,9.293982506,-19.98276901,40.18133545,7.675113201,19.62000084,subadult,Blue Starr Oyster Farm,T0
459022,EVOS Production,EVOSprod-oyster-subadult_BS-FLUPSY_05-2024,5/28/2024,Jinhi Bay,BLST,55.88594818,-133.2797394,Magallana gigas,viscera,73,3.49000001,8.76322937,-19.78007317,39.52100754,7.020112038,18.53630066,subadult,Blue Starr Oyster Farm,T0
459023,EVOS Production,EVOSprod-oyster-subadult_BS-FLUPSY_05-2024,5/28/2024,Jinhi Bay,BLST,55.88594818,-133.2797394,Magallana gigas,viscera,44,2.220000029,8.739323616,-19.91613197,40.93744659,6.877638817,18.78370094,subadult,Blue Starr Oyster Farm,T0
459024,EVOS Production,EVOSprod-oyster-subadult_BS-FLUPSY_05-2024,5/28/2024,Jinhi Bay,BLST,55.88594818,-133.2797394,Magallana gigas,viscera,53,2.779999971,8.957522392,-20.45529938,41.35602188,7.620115757,16.6753006,subadult,Blue Starr Oyster Farm,T0
459025,EVOS Production,EVOSprod-oyster-subadult_BS-FLUPSY_05-2024,5/28/2024,Jinhi Bay,BLST,55.88594818,-133.2797394,Magallana gigas,viscera,60,2.609999895,9.079890251,-20.42689514,41.00682449,6.590831757,18.62280083,subadult,Blue Starr Oyster Farm,T0
459026,EVOS Production,EVOSprod-oyster-subadult_BS-FLUPSY_05-2024,5/28/2024,Jinhi Bay,BLST,55.88594818,-133.2797394,Magallana gigas,viscera,59,1.789999962,8.947381973,-19.03023911,37.94940186,7.585163116,16.29910088,subadult,Blue Starr Oyster Farm,T0
459027,EVOS Production,EVOSprod-oyster-subadult_BS-FLUPSY_05-2024,5/28/2024,Jinhi Bay,BLST,55.88594818,-133.2797394,Magallana gigas,viscera,46,2.130000114,9.308065414,-19.80952072,38.47180557,6.62075758,17.54949951,subadult,Blue Starr Oyster Farm,T0
459028,EVOS Production,EVOSprod-oyster-subadult_BS-FLUPSY_05-2024,5/28/2024,Jinhi Bay,BLST,55.88594818,-133.2797394,Magallana gigas,viscera,55,2.230000019,8.442282677,-19.91440773,39.13128281,7.142625809,19.4178009,subadult,Blue Starr Oyster Farm,T0
459029,EVOS Production,EVOSprod-oyster-subadult_BS-FLUPSY_05-2024,5/28/2024,Jinhi Bay,BLST,55.88594818,-133.2797394,Magallana gigas,viscera,46,1.99000001,8.664142609,-19.80854988,37.6700592,6.584748268,19.10720062,subadult,Blue Starr Oyster Farm,T0
459030,EVOS Production,EVOSprod-oyster-subadult_BS-FLUPSY_05-2024,5/28/2024,Jinhi Bay,BLST,55.88594818,-133.2797394,Magallana gigas,viscera,53,2.539999962,8.706242561,-20.76900482,39.88267899,6.561294079,18.83029938,subadult,Blue Starr Oyster Farm,T0
459031,EVOS Production,EVOSprod-oyster-subadult_BS-FLUPSY_05-2024,5/28/2024,Jinhi Bay,BLST,55.88594818,-133.2797394,Magallana gigas,viscera,48,2.660000086,9.144323349,-20.24154282,38.46178055,6.695590973,19.22120094,subadult,Blue Starr Oyster Farm,T0
459032,EVOS Production,EVOSprod-oyster-subadult_BS-FLUPSY_05-2024,5/28/2024,Jinhi Bay,BLST,55.88594818,-133.2797394,Magallana gigas,viscera,61,3.920000076,8.440958977,-20.23790932,37.38695145,6.469876289,18.9673996,subadult,Blue Starr Oyster Farm,T0
459033,EVOS Production,EVOSprod-oyster-subadult_BS-FLUPSY_05-2024,5/28/2024,Jinhi Bay,BLST,55.88594818,-133.2797394,Magallana gigas,viscera,72,4.559999943,8.474730492,-20.41120148,37.17511749,6.006376266,17.96820068,subadult,Blue Starr Oyster Farm,T0
459034,EVOS Production,EVOSprod-oyster-subadult_BS-FLUPSY_05-2024,5/28/2024,Jinhi Bay,BLST,55.88594818,-133.2797394,Magallana gigas,viscera,62,4.699999809,8.815213203,-21.97497749,45.07042694,7.283610344,18.51989937,subadult,Blue Starr Oyster Farm,T0
459035,EVOS Production,EVOSprod-oyster-subadult_BS-FLUPSY_05-2024,5/28/2024,Jinhi Bay,BLST,55.88594818,-133.2797394,Magallana gigas,viscera,65,2.50999999,8.037532806,-21.07670021,42.63802719,7.33336401,19.10759926,subadult,Blue Starr Oyster Farm,T0
459036,EVOS Production,EVOSprod-oyster-subadult_BS-FLUPSY_05-2024,5/28/2024,Jinhi Bay,BLST,55.88594818,-133.2797394,Magallana gigas,viscera,51,2.410000086,8.471754074,-20.42305946,43.56668091,7.438384533,18.84079933,subadult,Blue Starr Oyster Farm,T0
459037,EVOS Production,EVOSprod-oyster-subadult_BS-FLUPSY_05-2024,5/28/2024,Jinhi Bay,BLST,55.88594818,-133.2797394,Magallana gigas,viscera,54,2.25999999,8.689380646,-21.17127991,41.86687088,7.841502666,18.64990044,subadult,Blue Starr Oyster Farm,T0
459038,EVOS Production,EVOSprod-oyster-subadult_BS-FLUPSY_05-2024,5/28/2024,Jinhi Bay,BLST,55.88594818,-133.2797394,Magallana gigas,viscera,53,2.980000019,8.654660225,-19.69238663,42.03206253,7.092189789,19.08009911,subadult,Blue Starr Oyster Farm,T0
459039,EVOS Production,EVOSprod-oyster-subadult_BS-FLUPSY_05-2024,5/28/2024,Jinhi Bay,BLST,55.88594818,-133.2797394,Magallana gigas,viscera,68,4.429999828,8.400497437,-19.76849937,41.38744736,7.30798769,19.02499962,subadult,Blue Starr Oyster Farm,T0
459040,EVOS Production,EVOSprod-oyster-subadult_BS-FLUPSY_05-2024,5/28/2024,Jinhi Bay,BLST,55.88594818,-133.2797394,Magallana gigas,viscera,49,3.569999933,9.032574654,-19.80674362,43.27129745,7.754798889,18.59320068,subadult,Blue Starr Oyster Farm,T0
459041,EVOS Production,EVOSprod-oyster-subadult_BS-FLUPSY_05-2024,5/28/2024,Jinhi Bay,BLST,55.88594818,-133.2797394,Magallana gigas,viscera,58,2.00999999,8.767222404,-18.88393593,39.6562233,7.512209415,17.89929962,subadult,Blue Starr Oyster Farm,T0
459042,EVOS Production,EVOSprod-oyster-subadult_BS-FLUPSY_05-2024,5/28/2024,Jinhi Bay,BLST,55.88594818,-133.2797394,Magallana gigas,viscera,59,3.579999924,8.95181942,-19.64003563,43.53166199,6.768708706,18.65909958,subadult,Blue Starr Oyster Farm,T0
459043,EVOS Production,EVOSprod-oyster-subadult_BS-FLUPSY_05-2024,5/28/2024,Jinhi Bay,BLST,55.88594818,-133.2797394,Magallana gigas,viscera,66,2.700000048,8.71214962,-20.37945175,41.45647049,6.616740227,18.4477005,subadult,Blue Starr Oyster Farm,T0
459044,EVOS Production,EVOSprod-oyster-subadult_BS-FLUPSY_05-2024,5/28/2024,Jinhi Bay,BLST,55.88594818,-133.2797394,Magallana gigas,viscera,76,3.849999905,8.963650703,-19.71532249,42.95607758,7.713471413,18.66279984,subadult,Blue Starr Oyster Farm,T0
459050,EVOS Production,EVOSprod-oyster-subadult_BS-FLUPSY_05-2024,5/28/2024,Jinhi Bay,BLST,55.88594818,-133.2797394,Magallana gigas,viscera,60,2.069999933,8.662532806,-20.26827621,42.4389534,7.449747562,18.73999977,subadult,Blue Starr Oyster Farm,T0
459053,EVOS Production,EVOSprod-oyster-juv_BS-FLUPSY_05-2024,5/28/2024,Jinhi Bay,BLST,55.88594818,-133.2797394,Magallana gigas,viscera,28.60000038,0.451999992,8.825855255,-19.35489464,41.50091171,7.40685606,17.46999931,juvenile,Blue Starr Oyster Farm,T0
459054,EVOS Production,EVOSprod-oyster-juv_BS-FLUPSY_05-2024,5/28/2024,Jinhi Bay,BLST,55.88594818,-133.2797394,Magallana gigas,viscera,26.60000038,0.35800001,8.793711662,-18.98859406,41.60873413,7.478765965,18.09000015,juvenile,Blue Starr Oyster Farm,T0
459055,EVOS Production,EVOSprod-oyster-juv_BS-FLUPSY_05-2024,5/28/2024,Jinhi Bay,BLST,55.88594818,-133.2797394,Magallana gigas,viscera,24.79999924,0.25,8.871511459,-18.93071747,43.08606339,8.535633087,15.92000008,juvenile,Blue Starr Oyster Farm,T0
459056,EVOS Production,EVOSprod-oyster-juv_BS-FLUPSY_05-2024,5/28/2024,Jinhi Bay,BLST,55.88594818,-133.2797394,Magallana gigas,viscera,28,0.428000003,8.988143921,-18.87829018,42.25845718,8.028725624,16.94000053,juvenile,Blue Starr Oyster Farm,T0
459057,EVOS Production,EVOSprod-oyster-juv_BS-FLUPSY_05-2024,5/28/2024,Jinhi Bay,BLST,55.88594818,-133.2797394,Magallana gigas,viscera,31.20000076,0.469999999,8.912724495,-18.81506538,41.80439377,7.453486919,16.56999969,juvenile,Blue Starr Oyster Farm,T0
459058,EVOS Production,EVOSprod-oyster-juv_BS-FLUPSY_05-2024,5/28/2024,Jinhi Bay,BLST,55.88594818,-133.2797394,Magallana gigas,viscera,25.79999924,0.377999991,9.045593262,-18.75817871,42.80539703,7.83511591,17.53000069,juvenile,Blue Starr Oyster Farm,T0
459059,EVOS Production,EVOSprod-oyster-juv_BS-FLUPSY_05-2024,5/28/2024,Jinhi Bay,BLST,55.88594818,-133.2797394,Magallana gigas,viscera,27.79999924,0.444000006,8.967536926,-18.42979813,41.51343536,7.521380901,17.22999954,juvenile,Blue Starr Oyster Farm,T0
459060,EVOS Production,EVOSprod-oyster-juv_BS-FLUPSY_05-2024,5/28/2024,Jinhi Bay,BLST,55.88594818,-133.2797394,Magallana gigas,viscera,27,0.296000004,8.946231842,-18.70028496,43.13376999,7.654411316,17.48999977,juvenile,Blue Starr Oyster Farm,T0
459061,EVOS Production,EVOSprod-oyster-juv_BS-FLUPSY_05-2024,5/28/2024,Jinhi Bay,BLST,55.88594818,-133.2797394,Magallana gigas,viscera,27.20000076,0.365999997,8.899100304,-18.67704964,41.96014404,7.607114792,16.63999939,juvenile,Blue Starr Oyster Farm,T0
459062,EVOS Production,EVOSprod-oyster-juv_BS-FLUPSY_05-2024,5/28/2024,Jinhi Bay,BLST,55.88594818,-133.2797394,Magallana gigas,viscera,25.60000038,0.31400001,9.058638573,-17.97836113,43.45222092,8.132232666,15.23999977,juvenile,Blue Starr Oyster Farm,T0
459100,EVOS Production,519,9/6/2024,Kodiak,KIS1,57.76710892,-152.4104309,Magallana gigas,Whole,60,4.099999905,8.414934158,-20.68013763,46.27574539,8.089020729,20.32699966,subadult,Farm: KIS1,T1
459101,EVOS Production,519,9/6/2024,Kodiak,KIS1,57.76710892,-152.4104309,Magallana gigas,Whole,56,6.5,8.673893929,-20.15559578,43.37920761,7.794995308,18.75909996,subadult,Farm: KIS1,T1
459102,EVOS Production,519,9/6/2024,Kodiak,KIS1,57.76710892,-152.4104309,Magallana gigas,Whole,53,6.5,8.737110138,-20.16523743,44.58256912,8.845036507,19.82509995,subadult,Farm: KIS1,T1
459103,EVOS Production,519,9/6/2024,Kodiak,KIS1,57.76710892,-152.4104309,Magallana gigas,Whole,47,4.199999809,8.666374207,-20.22704887,45.22390366,6.955604076,19.40929985,subadult,Farm: KIS1,T1
459104,EVOS Production,520,9/6/2024,Kodiak,KIS1,57.76710892,-152.4104309,Magallana gigas,Whole,60,6.699999809,8.862648964,-20.76671028,47.26298904,7.449010372,20.73900032,subadult,Farm: KIS1,T1
459105,EVOS Production,520,9/6/2024,Kodiak,KIS1,57.76710892,-152.4104309,Magallana gigas,Whole,46,3.700000048,8.376765251,-20.52279091,43.71946335,6.459568024,17.45949936,subadult,Farm: KIS1,T1
459106,EVOS Production,520,9/6/2024,Kodiak,KIS1,57.76710892,-152.4104309,Magallana gigas,Whole,56,5.699999809,8.348595619,-20.38288879,45.37184906,7.968811512,20.2201004,subadult,Farm: KIS1,T1
459107,EVOS Production,520,9/6/2024,Kodiak,KIS1,57.76710892,-152.4104309,Magallana gigas,Whole,49,5.099999905,8.512196541,-19.95313263,43.99238205,8.697094917,19.93589973,subadult,Farm: KIS1,T1
459108,EVOS Production,521,9/6/2024,Kodiak,KIS1,57.76710892,-152.4104309,Magallana gigas,Whole,64,6.199999809,8.737254143,-20.45233345,43.75344086,6.597475052,19.36230087,subadult,Farm: KIS1,T1
459109,EVOS Production,521,9/6/2024,Kodiak,KIS1,57.76710892,-152.4104309,Magallana gigas,Whole,45,3.200000048,8.908192635,-20.48113823,44.70278549,7.230156422,18.44260025,subadult,Farm: KIS1,T1
459110,EVOS Production,521,9/6/2024,Kodiak,KIS1,57.76710892,-152.4104309,Magallana gigas,Whole,54,6,8.588068008,-20.21264839,44.45233536,8.949443817,19.41720009,subadult,Farm: KIS1,T1
459111,EVOS Production,521,9/6/2024,Kodiak,KIS1,57.76710892,-152.4104309,Magallana gigas,Whole,42,4.199999809,8.432052612,-20.91838646,44.325737,7.008005142,19.54910088,subadult,Farm: KIS1,T1
459172,EVOS Production,507,9/17/2024,PWS,SBO1,60.65705109,-145.89151,Magallana gigas,Whole,61,5.5,7.962045193,-21.45338821,44.1777153,8.356572151,19.12759972,subadult,Farm: SBO1,T1
459173,EVOS Production,507,9/17/2024,PWS,SBO1,60.65705109,-145.89151,Magallana gigas,Whole,75,3.799999952,7.943692684,-21.43855286,44.49290848,6.869444847,19.53050041,subadult,Farm: SBO1,T1
459174,EVOS Production,507,9/17/2024,PWS,SBO1,60.65705109,-145.89151,Magallana gigas,Whole,57,3.599999905,8.208305359,-21.45366478,43.46255493,7.217163086,16.71409988,subadult,Farm: SBO1,T1
459175,EVOS Production,507,9/17/2024,PWS,SBO1,60.65705109,-145.89151,Magallana gigas,Whole,60,5.699999809,8.070727348,-21.70558739,45.50238037,6.829713345,20.27510071,subadult,Farm: SBO1,T1
459176,EVOS Production,508,9/17/2024,PWS,SBO1,60.65705109,-145.89151,Magallana gigas,Whole,76,5.300000191,8.263783455,-22.23976326,45.71467972,6.672014236,19.79719925,subadult,Farm: SBO1,T1
459177,EVOS Production,508,9/17/2024,PWS,SBO1,60.65705109,-145.89151,Magallana gigas,Whole,57,3,8.457260132,-21.3193531,44.05047989,5.738386631,18.90769958,subadult,Farm: SBO1,T1
459178,EVOS Production,508,9/17/2024,PWS,SBO1,60.65705109,-145.89151,Magallana gigas,Whole,62,3.599999905,8.225955009,-22.32067108,44.65849304,6.263504982,19.76420021,subadult,Farm: SBO1,T1
459179,EVOS Production,508,9/17/2024,PWS,SBO1,60.65705109,-145.89151,Magallana gigas,Whole,66,3.700000048,7.916597843,-21.5211525,44.41569519,7.472960949,18.84880066,subadult,Farm: SBO1,T1
459180,EVOS Production,509,9/17/2024,PWS,SBO1,60.65705109,-145.89151,Magallana gigas,Whole,69,5.699999809,8.082098007,-21.54349899,44.61551285,7.564747334,19.28009987,subadult,Farm: SBO1,T1
459181,EVOS Production,509,9/17/2024,PWS,SBO1,60.65705109,-145.89151,Magallana gigas,Whole,56,4.300000191,7.664378166,-21.06686974,41.53576279,7.558954716,18.41259956,subadult,Farm: SBO1,T1
459182,EVOS Production,509,9/17/2024,PWS,SBO1,60.65705109,-145.89151,Magallana gigas,Whole,76,5.300000191,8.183812141,-22.3366127,45.40861893,7.049354076,20.21269989,subadult,Farm: SBO1,T1
459183,EVOS Production,509,9/17/2024,PWS,SBO1,60.65705109,-145.89151,Magallana gigas,Whole,58,4.400000095,7.903232574,-21.73371696,44.42441177,7.891571045,19.84350014,subadult,Farm: SBO1,T1
459304,EVOS Production,504,9/17/2024,PWS,ROK1,60.56290054,-145.9604645,Magallana gigas,Whole,84,9.800000191,7.97460556,-21.20598793,43.08991623,8.429278374,19.11840057,subadult,Farm: ROK1,T1
459305,EVOS Production,504,9/17/2024,PWS,ROK1,60.56290054,-145.9604645,Magallana gigas,Whole,65,5.199999809,7.902171612,-21.25873947,43.86258698,10.97319126,20.25519943,subadult,Farm: ROK1,T1
459306,EVOS Production,504,9/17/2024,PWS,ROK1,60.56290054,-145.9604645,Magallana gigas,Whole,72,5.5,8.484028816,-20.75258255,41.12319183,9.128927231,19.56679916,subadult,Farm: ROK1,T1
459307,EVOS Production,504,9/17/2024,PWS,ROK1,60.56290054,-145.9604645,Magallana gigas,Whole,67,5.900000095,7.969294548,-21.42077065,44.71474457,9.705410004,19.66290092,subadult,Farm: ROK1,T1
459308,EVOS Production,505,9/17/2024,PWS,ROK1,60.56290054,-145.9604645,Magallana gigas,Whole,65,5.5,8.37696743,-22.30304337,46.97849655,8.959445953,21.23500061,subadult,Farm: ROK1,T1
459309,EVOS Production,505,9/17/2024,PWS,ROK1,60.56290054,-145.9604645,Magallana gigas,Whole,75,9.199999809,8.283560753,-22.25387001,48.21849823,8.846141815,20.70910072,subadult,Farm: ROK1,T1
459310,EVOS Production,505,9/17/2024,PWS,ROK1,60.56290054,-145.9604645,Magallana gigas,Whole,70,9.199999809,8.046211243,-21.13486481,43.73326111,10.21203232,20.05999947,subadult,Farm: ROK1,T1
459311,EVOS Production,505,9/17/2024,PWS,ROK1,60.56290054,-145.9604645,Magallana gigas,Whole,77,9.100000381,8.708544731,-21.77735138,44.48833084,5.624042988,19.7215004,subadult,Farm: ROK1,T1
459312,EVOS Production,506,9/17/2024,PWS,ROK1,60.56290054,-145.9604645,Magallana gigas,Whole,75,9.100000381,8.44050312,-21.83265114,45.7408638,8.12928772,21.05789948,subadult,Farm: ROK1,T1
459313,EVOS Production,506,9/17/2024,PWS,ROK1,60.56290054,-145.9604645,Magallana gigas,Whole,69,6,8.267085075,-22.26601982,46.41242599,8.660015106,20.93980026,subadult,Farm: ROK1,T1
459314,EVOS Production,506,9/17/2024,PWS,ROK1,60.56290054,-145.9604645,Magallana gigas,Whole,75,5.400000095,8.268702507,-21.82061958,44.02562332,7.452384949,20.70159912,subadult,Farm: ROK1,T1
459315,EVOS Production,506,9/17/2024,PWS,ROK1,60.56290054,-145.9604645,Magallana gigas,Whole,60,4.599999905,8.218465805,-22.2520752,46.60838318,8.318417549,20.1595993,subadult,Farm: ROK1,T1
459316,EVOS Production,501,9/17/2024,PWS,SBR1,60.63697815,-146.0044708,Magallana gigas,Whole,80,10.19999981,7.40077734,-21.21188927,43.4105072,8.878272057,19.31459999,subadult,Farm: SBR1,T1
459317,EVOS Production,501,9/17/2024,PWS,SBR1,60.63697815,-146.0044708,Magallana gigas,Whole,62,8.5,5.756500244,-22.28289795,34.18264389,5.595955372,20.71150017,subadult,Farm: SBR1,T1
459318,EVOS Production,501,9/17/2024,PWS,SBR1,60.63697815,-146.0044708,Magallana gigas,Whole,69,7.699999809,5.634811401,-21.24638557,29.68161201,6.691818237,19.33699989,subadult,Farm: SBR1,T1
459319,EVOS Production,501,9/17/2024,PWS,SBR1,60.63697815,-146.0044708,Magallana gigas,Whole,67,7.099999905,6.041737556,-21.14216232,37.77872849,7.440339088,19.3451004,subadult,Farm: SBR1,T1
459320,EVOS Production,502,9/17/2024,PWS,SBR1,60.63697815,-146.0044708,Magallana gigas,Whole,80,6.699999809,7.996679783,-21.95100594,50.17900085,8.374018669,19.89380074,subadult,Farm: SBR1,T1
459321,EVOS Production,502,9/17/2024,PWS,SBR1,60.63697815,-146.0044708,Magallana gigas,Whole,69,6.900000095,7.472275734,-22.11130905,44.64953613,6.950438499,20.68490028,subadult,Farm: SBR1,T1
459322,EVOS Production,502,9/17/2024,PWS,SBR1,60.63697815,-146.0044708,Magallana gigas,Whole,67,6.800000191,7.619805813,-22.01275826,49.24556351,7.904269695,18.81340027,subadult,Farm: SBR1,T1
459323,EVOS Production,502,9/17/2024,PWS,SBR1,60.63697815,-146.0044708,Magallana gigas,Whole,80,7.199999809,7.878447533,-22.06816101,47.34803009,8.194648743,20.34760094,subadult,Farm: SBR1,T1
459324,EVOS Production,503,9/17/2024,PWS,SBR1,60.63697815,-146.0044708,Magallana gigas,Whole,78,6.599999905,8.15818119,-21.47787094,44.91321564,5.87074995,19.45859909,subadult,Farm: SBR1,T1
459325,EVOS Production,503,9/17/2024,PWS,SBR1,60.63697815,-146.0044708,Magallana gigas,Whole,85,12.10000038,7.433319569,-21.23071671,43.34866333,8.643193245,19.3647995,subadult,Farm: SBR1,T1
459326,EVOS Production,503,9/17/2024,PWS,SBR1,60.63697815,-146.0044708,Magallana gigas,Whole,73,7.5,7.471871853,-21.30330086,43.62541962,8.551704407,19.36450005,subadult,Farm: SBR1,T1
459327,EVOS Production,503,9/17/2024,PWS,SBR1,60.63697815,-146.0044708,Magallana gigas,Whole,70,6.099999905,7.323517323,-21.14929581,44.28117752,9.753260612,19.05929947,subadult,Farm: SBR1,T1
459388,EVOS Production,510,9/19/2024,KBY,SSF1,59.46033096,-151.5187836,Magallana gigas,Whole,73,6.900000095,7.659941673,-19.84511185,43.40790558,9.324638367,19.99740028,subadult,Farm: SSF1,T1
459389,EVOS Production,510,9/19/2024,KBY,SSF1,59.46033096,-151.5187836,Magallana gigas,Whole,53,4.599999905,7.704800129,-20.08073616,43.54493713,8.284205437,19.28989983,subadult,Farm: SSF1,T1
459390,EVOS Production,510,9/19/2024,KBY,SSF1,59.46033096,-151.5187836,Magallana gigas,Whole,66,4.199999809,8.731206894,-19.79557991,42.54341125,8.034358978,19.07320023,subadult,Farm: SSF1,T1
459391,EVOS Production,510,9/19/2024,KBY,SSF1,59.46033096,-151.5187836,Magallana gigas,Whole,54,4.099999905,7.384039402,-19.99923134,44.29116058,8.956446648,19.98089981,subadult,Farm: SSF1,T1
459392,EVOS Production,511,9/19/2024,KBY,SSF1,59.46033096,-151.5187836,Magallana gigas,Whole,66,3.200000048,8.23415947,-18.89979935,40.23864746,7.668327808,17.62730026,subadult,Farm: SSF1,T1
459393,EVOS Production,511,9/19/2024,KBY,SSF1,59.46033096,-151.5187836,Magallana gigas,Whole,64,5.699999809,8.074139595,-20.6479435,45.22520447,8.071599007,19.87299919,subadult,Farm: SSF1,T1
459394,EVOS Production,511,9/19/2024,KBY,SSF1,59.46033096,-151.5187836,Magallana gigas,Whole,61,2.799999952,7.635417938,-19.80711937,43.65621185,7.987374306,19.60490036,subadult,Farm: SSF1,T1
459395,EVOS Production,511,9/19/2024,KBY,SSF1,59.46033096,-151.5187836,Magallana gigas,Whole,58,4.699999809,8.401254654,-19.58727455,42.08046722,9.647933006,19.45149994,subadult,Farm: SSF1,T1
459396,EVOS Production,512,9/19/2024,KBY,SSF1,59.46033096,-151.5187836,Magallana gigas,Whole,68,4.800000191,7.974728584,-19.54199028,42.98936844,8.304821968,19.38680077,subadult,Farm: SSF1,T1
459397,EVOS Production,512,9/19/2024,KBY,SSF1,59.46033096,-151.5187836,Magallana gigas,Whole,83,10.19999981,7.917485714,-19.59669876,42.74888229,8.721245766,19.22319984,subadult,Farm: SSF1,T1
459398,EVOS Production,512,9/19/2024,KBY,SSF1,59.46033096,-151.5187836,Magallana gigas,Whole,50,3,8.181465149,-19.74276733,40.94862747,7.08384037,17.61380005,subadult,Farm: SSF1,T1
459399,EVOS Production,512,9/19/2024,KBY,SSF1,59.46033096,-151.5187836,Magallana gigas,Whole,75,8.800000191,7.868523598,-19.72747231,45.76906967,8.0518713,18.94630051,subadult,Farm: SSF1,T1
463300,EVOS Production,523,9/19/2024,Kodiak,AOF1,57.65784073,-152.4201813,Magallana gigas,Whole,73,8.800000191,8.373212814,-20.7559166,45.48789215,8.648857117,19.70569992,subadult,Farm: AOF1,T1
463301,EVOS Production,523,9/19/2024,Kodiak,AOF1,57.65784073,-152.4201813,Magallana gigas,Whole,55,8.199999809,8.156718254,-21.02811623,45.2869606,6.686178207,19.79360008,subadult,Farm: AOF1,T1
463302,EVOS Production,523,9/19/2024,Kodiak,AOF1,57.65784073,-152.4201813,Magallana gigas,Whole,61,8.199999809,8.511270523,-20.54753685,44.96390915,10.08906651,20.01300049,subadult,Farm: AOF1,T1
463303,EVOS Production,523,9/19/2024,Kodiak,AOF1,57.65784073,-152.4201813,Magallana gigas,Whole,59,6,8.237333298,-21.03133392,45.35549545,7.294656754,20.24860001,subadult,Farm: AOF1,T1
463304,EVOS Production,522,9/19/2024,Kodiak,AOF1,57.65784073,-152.4201813,Magallana gigas,Whole,54,5.300000191,8.317318916,-20.73412895,44.0672493,8.256554604,19.33939934,subadult,Farm: AOF1,T1
463305,EVOS Production,522,9/19/2024,Kodiak,AOF1,57.65784073,-152.4201813,Magallana gigas,Whole,45,4.599999905,8.393639565,-21.01031876,45.76242828,7.717717171,20.53219986,subadult,Farm: AOF1,T1
463306,EVOS Production,522,9/19/2024,Kodiak,AOF1,57.65784073,-152.4201813,Magallana gigas,Whole,58,7.599999905,8.229322433,-20.74641037,44.4922905,8.507256508,20.18230057,subadult,Farm: AOF1,T1
463307,EVOS Production,522,9/19/2024,Kodiak,AOF1,57.65784073,-152.4201813,Magallana gigas,Whole,55,6.099999905,8.394514084,-21.23705101,46.15543365,6.665642738,20.66769981,subadult,Farm: AOF1,T1
463308,EVOS Production,524,9/19/2024,Kodiak,AOF1,57.65784073,-152.4201813,Magallana gigas,Whole,71,8.100000381,8.147464752,-20.97034454,45.14069748,9.002711296,20.36899948,subadult,Farm: AOF1,T1
463309,EVOS Production,524,9/19/2024,Kodiak,AOF1,57.65784073,-152.4201813,Magallana gigas,Whole,61,9,8.452672005,-20.53456688,42.60216904,8.514163017,19.7663002,subadult,Farm: AOF1,T1
463310,EVOS Production,524,9/19/2024,Kodiak,AOF1,57.65784073,-152.4201813,Magallana gigas,Whole,67,8,8.422541618,-21.013834,45.26289749,6.937193871,19.71069908,subadult,Farm: AOF1,T1
463311,EVOS Production,524,9/19/2024,Kodiak,AOF1,57.65784073,-152.4201813,Magallana gigas,Whole,55,5.5,7.814080238,-20.77533531,43.9744606,7.684258461,18.85499954,subadult,Farm: AOF1,T1
463372,EVOS Production,525,9/19/2024,Kodiak,KOB1,57.53318024,-154.0269623,Magallana gigas,Whole,58,5.800000191,8.894828796,-19.5648632,44.15294266,7.837317467,19.76779938,subadult,Farm: KOB1,T1
463373,EVOS Production,525,9/19/2024,Kodiak,KOB1,57.53318024,-154.0269623,Magallana gigas,Whole,51,3.700000048,9.060933113,-19.9642601,44.97590256,7.165019989,19.21100044,subadult,Farm: KOB1,T1
463374,EVOS Production,525,9/19/2024,Kodiak,KOB1,57.53318024,-154.0269623,Magallana gigas,Whole,57,5.199999809,8.989039421,-19.63916206,43.87773132,7.85110569,19.17499924,subadult,Farm: KOB1,T1
463375,EVOS Production,525,9/19/2024,Kodiak,KOB1,57.53318024,-154.0269623,Magallana gigas,Whole,38,2.900000095,8.711402893,-19.66650391,44.11912537,7.730808735,18.77470016,subadult,Farm: KOB1,T1
463376,EVOS Production,526,9/19/2024,Kodiak,KOB1,57.53318024,-154.0269623,Magallana gigas,Whole,77,8.399999619,9.015919685,-19.89127541,45.2562294,7.210769176,19.83139992,subadult,Farm: KOB1,T1
463377,EVOS Production,526,9/19/2024,Kodiak,KOB1,57.53318024,-154.0269623,Magallana gigas,Whole,65,8.100000381,8.945941925,-19.35908508,44.21451569,7.829085827,18.19919968,subadult,Farm: KOB1,T1
463378,EVOS Production,526,9/19/2024,Kodiak,KOB1,57.53318024,-154.0269623,Magallana gigas,Whole,63,7.800000191,8.747615814,-19.66061974,44.34807968,9.323972702,20.20599937,subadult,Farm: KOB1,T1
463379,EVOS Production,526,9/19/2024,Kodiak,KOB1,57.53318024,-154.0269623,Magallana gigas,Whole,63,8.199999809,9.001083374,-19.848526,45.45744324,7.482653618,20.41290092,subadult,Farm: KOB1,T1
463380,EVOS Production,527,9/19/2024,Kodiak,KOB1,57.53318024,-154.0269623,Magallana gigas,Whole,60,7,9.132660866,-20.03752899,44.88473129,6.991055965,19.94129944,subadult,Farm: KOB1,T1
463381,EVOS Production,527,9/19/2024,Kodiak,KOB1,57.53318024,-154.0269623,Magallana gigas,Whole,45,4.199999809,8.701039314,-19.44438553,44.65758896,8.373521805,20.1345005,subadult,Farm: KOB1,T1
463382,EVOS Production,527,9/19/2024,Kodiak,KOB1,57.53318024,-154.0269623,Magallana gigas,Whole,52,6.199999809,8.53791523,-19.23906708,43.74475098,9.637785912,20.29470062,subadult,Farm: KOB1,T1
463383,EVOS Production,527,9/19/2024,Kodiak,KOB1,57.53318024,-154.0269623,Magallana gigas,Whole,57,5.5,9.085277557,-20.29773521,46.3117218,7.441904068,20.1480999,subadult,Farm: KOB1,T1
463444,EVOS Production,516,9/21/2024,KBY,BCF1,59.46783066,-151.5184021,Magallana gigas,Whole,74,9.399999619,8.309901237,-19.74277115,44.36224365,8.962474823,19.93239975,subadult,Farm: BCF1,T1
463445,EVOS Production,516,9/21/2024,KBY,BCF1,59.46783066,-151.5184021,Magallana gigas,Whole,83,11,8.92783165,-20.39869499,44.51555634,6.844398975,20.13279915,subadult,Farm: BCF1,T1
463446,EVOS Production,516,9/21/2024,KBY,BCF1,59.46783066,-151.5184021,Magallana gigas,Whole,75,11.19999981,8.555726051,-19.62264252,43.74109268,9.770661354,19.92099953,subadult,Farm: BCF1,T1
463447,EVOS Production,516,9/21/2024,KBY,BCF1,59.46783066,-151.5184021,Magallana gigas,Whole,58,7,8.733084679,-20.03692245,44.80851746,7.770573616,19.5984993,subadult,Farm: BCF1,T1
463448,EVOS Production,517,9/21/2024,KBY,BCF1,59.46783066,-151.5184021,Magallana gigas,Whole,80,9.800000191,8.566973686,-19.77854156,44.41419983,8.985599518,17.85610008,subadult,Farm: BCF1,T1
463449,EVOS Production,517,9/21/2024,KBY,BCF1,59.46783066,-151.5184021,Magallana gigas,Whole,66,10.5,8.011735916,-20.08648491,44.44033432,8.925499916,20.20660019,subadult,Farm: BCF1,T1
463450,EVOS Production,517,9/21/2024,KBY,BCF1,59.46783066,-151.5184021,Magallana gigas,Whole,100,12.89999962,8.435954094,-19.49544907,41.96469498,8.379549026,19.8708992,subadult,Farm: BCF1,T1
463451,EVOS Production,517,9/21/2024,KBY,BCF1,59.46783066,-151.5184021,Magallana gigas,Whole,65,7.300000191,8.519970894,-19.86316872,44.57278061,8.341705322,19.6637001,subadult,Farm: BCF1,T1
463452,EVOS Production,518,9/21/2024,KBY,BCF1,59.46783066,-151.5184021,Magallana gigas,Whole,93,11.19999981,8.369417191,-19.58029175,44.16914749,9.511231422,18.55080032,subadult,Farm: BCF1,T1
463453,EVOS Production,518,9/21/2024,KBY,BCF1,59.46783066,-151.5184021,Magallana gigas,Whole,70,9.100000381,8.086065292,-20.06960678,44.16743088,8.583706856,19.72340012,subadult,Farm: BCF1,T1
463454,EVOS Production,518,9/21/2024,KBY,BCF1,59.46783066,-151.5184021,Magallana gigas,Whole,86,15.89999962,8.609736443,-19.94080734,44.61461258,8.596802711,20.12150002,subadult,Farm: BCF1,T1
463455,EVOS Production,518,9/21/2024,KBY,BCF1,59.46783066,-151.5184021,Magallana gigas,Whole,75,8.899999619,8.295701981,-19.98711014,44.55839539,8.612508774,20.07229996,subadult,Farm: BCF1,T1
463516,EVOS Production,515,9/18/2024,KBY,MIO1,59.57136917,-151.2726288,Magallana gigas,Whole,62,8.699999809,7.623111725,-20.70791817,43.75883865,8.420607567,19.65589905,subadult,Farm: MIO1,T1
463517,EVOS Production,515,9/18/2024,KBY,MIO1,59.57136917,-151.2726288,Magallana gigas,Whole,72,10.10000038,7.592162609,-20.43325043,44.21197128,7.758610249,19.68020058,subadult,Farm: MIO1,T1
463518,EVOS Production,515,9/18/2024,KBY,MIO1,59.57136917,-151.2726288,Magallana gigas,Whole,58,11.5,7.648990631,-20.74826622,44.31980896,7.002630711,19.66500092,subadult,Farm: MIO1,T1
463519,EVOS Production,515,9/18/2024,KBY,MIO1,59.57136917,-151.2726288,Magallana gigas,Whole,72,12.80000019,7.960216522,-21.15815926,46.51781845,7.129847527,20.88409996,subadult,Farm: MIO1,T1
463520,EVOS Production,514,9/18/2024,KBY,MIO1,59.57136917,-151.2726288,Magallana gigas,Whole,59,9.100000381,7.711629868,-21.41279221,46.29418945,6.444672585,20.17510033,subadult,Farm: MIO1,T1
463521,EVOS Production,514,9/18/2024,KBY,MIO1,59.57136917,-151.2726288,Magallana gigas,Whole,93,13.60000038,7.780942917,-21.32791328,46.05080032,7.242330551,21.08119965,subadult,Farm: MIO1,T1
463522,EVOS Production,514,9/18/2024,KBY,MIO1,59.57136917,-151.2726288,Magallana gigas,Whole,72,10.5,7.535856247,-20.67533302,44.1595993,8.406167984,19.89139938,subadult,Farm: MIO1,T1
463523,EVOS Production,514,9/18/2024,KBY,MIO1,59.57136917,-151.2726288,Magallana gigas,Whole,74,12.19999981,8.155461311,-21.10552597,44.53373718,5.720479965,19.78370094,subadult,Farm: MIO1,T1
463524,EVOS Production,513,9/18/2024,KBY,MIO1,59.57136917,-151.2726288,Magallana gigas,Whole,85,19,8.259191513,-20.91555786,44.22496796,5.699531078,19.66880035,subadult,Farm: MIO1,T1
463525,EVOS Production,513,9/18/2024,KBY,MIO1,59.57136917,-151.2726288,Magallana gigas,Whole,54,9.899999619,-500,-500,-500,-500,20.47780037,subadult,Farm: MIO1,T1
463526,EVOS Production,513,9/18/2024,KBY,MIO1,59.57136917,-151.2726288,Magallana gigas,Whole,88,14.60000038,8.031938553,-20.67599869,44.64761353,5.585223198,19.52079964,subadult,Farm: MIO1,T1
463527,EVOS Production,513,9/18/2024,KBY,MIO1,59.57136917,-151.2726288,Magallana gigas,Whole,101,20.70000076,8.540418625,-21.08654022,46.6330986,7.95723629,20.96619987,subadult,Farm: MIO1,T1
463648,EVOS Production,219,9/6/2024,Kodiak,KIS1,57.76710892,-152.4104309,Magallana gigas,composite5,,,8.208600998,-20.06048393,43.88795471,7.433469296,18.70260048,juvenile,Farm: KIS1,T1
463649,EVOS Production,219,9/6/2024,Kodiak,KIS1,57.76710892,-152.4104309,Magallana gigas,composite5,,,8.362970352,-19.93141747,44.11952972,8.1621418,18.21590042,juvenile,Farm: KIS1,T1
463650,EVOS Production,219,9/6/2024,Kodiak,KIS1,57.76710892,-152.4104309,Magallana gigas,composite5,,,8.253656387,-20.11944389,43.37844467,7.399581909,19.30649948,juvenile,Farm: KIS1,T1
463651,EVOS Production,219,9/6/2024,Kodiak,KIS1,57.76710892,-152.4104309,Magallana gigas,composite5,,,8.157011032,-19.89055824,43.13808823,7.143138409,18.54910088,juvenile,Farm: KIS1,T1
463652,EVOS Production,220,9/6/2024,Kodiak,KIS1,57.76710892,-152.4104309,Magallana gigas,composite5,,,8.344385147,-19.98096275,44.16704941,7.499297142,19.03969955,juvenile,Farm: KIS1,T1
463653,EVOS Production,220,9/6/2024,Kodiak,KIS1,57.76710892,-152.4104309,Magallana gigas,composite5,,,8.073630333,-20.18907547,43.62068558,7.353869438,19.04940033,juvenile,Farm: KIS1,T1
463654,EVOS Production,220,9/6/2024,Kodiak,KIS1,57.76710892,-152.4104309,Magallana gigas,composite5,,,8.249408722,-19.95697021,43.42037201,7.932751179,18.79339981,juvenile,Farm: KIS1,T1
463655,EVOS Production,220,9/6/2024,Kodiak,KIS1,57.76710892,-152.4104309,Magallana gigas,composite5,,,8.153525352,-19.95887375,44.21105957,7.584506512,18.55890083,juvenile,Farm: KIS1,T1
463656,EVOS Production,221,9/6/2024,Kodiak,KIS1,57.76710892,-152.4104309,Magallana gigas,composite5,,,8.399090767,-19.93659973,43.00782776,7.350868225,17.6135006,juvenile,Farm: KIS1,T1
463657,EVOS Production,221,9/6/2024,Kodiak,KIS1,57.76710892,-152.4104309,Magallana gigas,composite5,,,8.469299316,-19.86726189,43.98075867,7.871274471,18.85110092,juvenile,Farm: KIS1,T1
463658,EVOS Production,221,9/6/2024,Kodiak,KIS1,57.76710892,-152.4104309,Magallana gigas,composite5,,,8.563511848,-20.05856705,45.03365326,7.46856308,18.8314991,juvenile,Farm: KIS1,T1
463659,EVOS Production,221,9/6/2024,Kodiak,KIS1,57.76710892,-152.4104309,Magallana gigas,composite5,,,8.387639046,-19.98871231,44.43925095,7.750189781,19.56170082,juvenile,Farm: KIS1,T1
463660,EVOS Production,207,9/17/2024,PWS,SBO1,60.65705109,-145.89151,Magallana gigas,composite5,,,7.797874928,-21.81851387,44.42195511,7.367823601,18.87229919,juvenile,Farm: SBO1,T1
463661,EVOS Production,207,9/17/2024,PWS,SBO1,60.65705109,-145.89151,Magallana gigas,composite5,,,7.853719711,-21.81889153,43.47631073,7.124029636,18.55220032,juvenile,Farm: SBO1,T1
463662,EVOS Production,207,9/17/2024,PWS,SBO1,60.65705109,-145.89151,Magallana gigas,composite5,,,8.027619362,-21.79568863,42.89731598,7.445776939,18.57999992,juvenile,Farm: SBO1,T1
463663,EVOS Production,207,9/17/2024,PWS,SBO1,60.65705109,-145.89151,Magallana gigas,composite5,,,7.786643505,-21.52536964,41.22841644,6.549653053,17.9659996,juvenile,Farm: SBO1,T1
463664,EVOS Production,208,9/17/2024,PWS,SBO1,60.65705109,-145.89151,Magallana gigas,composite5,,,7.882409096,-21.96069527,42.83160782,7.373784065,17.91580009,juvenile,Farm: SBO1,T1
463665,EVOS Production,208,9/17/2024,PWS,SBO1,60.65705109,-145.89151,Magallana gigas,composite5,,,8.029747963,-21.63702583,42.89666367,7.135866642,18.56879997,juvenile,Farm: SBO1,T1
463666,EVOS Production,208,9/17/2024,PWS,SBO1,60.65705109,-145.89151,Magallana gigas,composite5,,,7.832466602,-21.67118073,42.45772171,7.043427467,17.82959938,juvenile,Farm: SBO1,T1
463667,EVOS Production,208,9/17/2024,PWS,SBO1,60.65705109,-145.89151,Magallana gigas,composite5,,,7.769579887,-21.72196198,42.8544426,7.076061249,18.62919998,juvenile,Farm: SBO1,T1
463668,EVOS Production,209,9/17/2024,PWS,SBO1,60.65705109,-145.89151,Magallana gigas,composite5,,,8.02233696,-21.78521347,43.90640259,7.361957073,19.12490082,juvenile,Farm: SBO1,T1
463669,EVOS Production,209,9/17/2024,PWS,SBO1,60.65705109,-145.89151,Magallana gigas,composite5,,,7.602479935,-22.00276756,43.53608704,6.803949833,17.41399956,juvenile,Farm: SBO1,T1
463670,EVOS Production,209,9/17/2024,PWS,SBO1,60.65705109,-145.89151,Magallana gigas,composite5,,,7.923994541,-21.17456818,40.42646408,6.358522892,17.53899956,juvenile,Farm: SBO1,T1
463671,EVOS Production,209,9/17/2024,PWS,SBO1,60.65705109,-145.89151,Magallana gigas,composite5,,,7.938948154,-21.67954445,42.93432999,7.149851322,17.78289986,juvenile,Farm: SBO1,T1
463672,EVOS Production,204,9/17/2024,PWS,ROK1,60.56290054,-145.9604645,Magallana gigas,composite5,,,8.399097443,-21.35336304,40.04485703,8.555493355,17.75,juvenile,Farm: ROK1,T1
463673,EVOS Production,204,9/17/2024,PWS,ROK1,60.56290054,-145.9604645,Magallana gigas,composite5,,,8.419693947,-21.32156944,40.19710159,8.741358757,16.82589912,juvenile,Farm: ROK1,T1
463674,EVOS Production,204,9/17/2024,PWS,ROK1,60.56290054,-145.9604645,Magallana gigas,composite5,,,8.342333794,-21.33332825,41.0971489,8.65718174,18.42340088,juvenile,Farm: ROK1,T1
463675,EVOS Production,204,9/17/2024,PWS,ROK1,60.56290054,-145.9604645,Magallana gigas,composite5,,,8.086567879,-21.4178524,41.73033142,9.062074661,19.30750084,juvenile,Farm: ROK1,T1
463676,EVOS Production,205,9/17/2024,PWS,ROK1,60.56290054,-145.9604645,Magallana gigas,composite5,,,8.351226807,-21.11881828,41.13014221,9.009775162,18.22629929,juvenile,Farm: ROK1,T1
463677,EVOS Production,205,9/17/2024,PWS,ROK1,60.56290054,-145.9604645,Magallana gigas,composite5,,,8.586194038,-21.18598557,40.1609726,8.336719513,17.12369919,juvenile,Farm: ROK1,T1
463678,EVOS Production,205,9/17/2024,PWS,ROK1,60.56290054,-145.9604645,Magallana gigas,composite5,,,8.267321587,-21.24052811,41.38249207,8.724376678,18.60219955,juvenile,Farm: ROK1,T1
463679,EVOS Production,205,9/17/2024,PWS,ROK1,60.56290054,-145.9604645,Magallana gigas,composite5,,,8.348452568,-21.29386902,40.46591187,8.187527657,18.56229973,juvenile,Farm: ROK1,T1
463680,EVOS Production,206,9/17/2024,PWS,ROK1,60.56290054,-145.9604645,Magallana gigas,composite5,,,8.279526711,-21.21542358,40.58655548,8.824796677,18.82139969,juvenile,Farm: ROK1,T1
463681,EVOS Production,206,9/17/2024,PWS,ROK1,60.56290054,-145.9604645,Magallana gigas,composite5,,,8.121953964,-21.22563553,41.09057236,9.120168686,18.81270027,juvenile,Farm: ROK1,T1
463682,EVOS Production,206,9/17/2024,PWS,ROK1,60.56290054,-145.9604645,Magallana gigas,composite5,,,8.002243996,-21.4323101,41.98685837,8.523451805,18.45030022,juvenile,Farm: ROK1,T1
463683,EVOS Production,206,9/17/2024,PWS,ROK1,60.56290054,-145.9604645,Magallana gigas,composite5,,,8.454474449,-21.15834045,40.08615112,8.42087841,18.52700043,juvenile,Farm: ROK1,T1
463684,EVOS Production,201,9/17/2024,PWS,SBR1,60.63697815,-146.0044708,Magallana gigas,composite5,,,7.672073841,-21.44825172,41.2734642,7.95053339,18.12260056,juvenile,Farm: SBR1,T1
463685,EVOS Production,201,9/17/2024,PWS,SBR1,60.63697815,-146.0044708,Magallana gigas,composite5,,,7.398714542,-21.51273537,40.93357468,8.470376968,18.31299973,juvenile,Farm: SBR1,T1
463686,EVOS Production,201,9/17/2024,PWS,SBR1,60.63697815,-146.0044708,Magallana gigas,composite5,,,7.51196146,-21.38305855,41.19565964,8.424526215,18.59320068,juvenile,Farm: SBR1,T1
463687,EVOS Production,201,9/17/2024,PWS,SBR1,60.63697815,-146.0044708,Magallana gigas,composite5,,,7.369450092,-21.12642097,40.32941437,8.666549683,17.08259964,juvenile,Farm: SBR1,T1
463688,EVOS Production,202,9/17/2024,PWS,SBR1,60.63697815,-146.0044708,Magallana gigas,composite5,,,7.617929459,-21.43258667,41.68709564,8.126148224,18.35560036,juvenile,Farm: SBR1,T1
463689,EVOS Production,202,9/17/2024,PWS,SBR1,60.63697815,-146.0044708,Magallana gigas,composite5,,,7.61324358,-20.89250183,39.47615814,7.573310852,18.04089928,juvenile,Farm: SBR1,T1
463690,EVOS Production,202,9/17/2024,PWS,SBR1,60.63697815,-146.0044708,Magallana gigas,composite5,,,7.564894199,-21.087286,41.09270096,8.735092163,17.74860001,juvenile,Farm: SBR1,T1
463691,EVOS Production,202,9/17/2024,PWS,SBR1,60.63697815,-146.0044708,Magallana gigas,composite5,,,7.592513084,-20.04982567,36.27002335,7.907968044,16.2901001,juvenile,Farm: SBR1,T1
463692,EVOS Production,203,9/17/2024,PWS,SBR1,60.63697815,-146.0044708,Magallana gigas,composite5,,,7.860061169,-21.29785156,42.07678223,8.884864807,18.80949974,juvenile,Farm: SBR1,T1
463693,EVOS Production,203,9/17/2024,PWS,SBR1,60.63697815,-146.0044708,Magallana gigas,composite5,,,7.67042923,-21.2605648,42.12677383,8.432654381,18.77980042,juvenile,Farm: SBR1,T1
463694,EVOS Production,203,9/17/2024,PWS,SBR1,60.63697815,-146.0044708,Magallana gigas,composite5,,,7.895813942,-20.2501049,38.08168411,7.694333553,18.32159996,juvenile,Farm: SBR1,T1
463695,EVOS Production,203,9/17/2024,PWS,SBR1,60.63697815,-146.0044708,Magallana gigas,composite5,,,7.640209675,-21.41690254,42.0886879,8.244317055,17.40579987,juvenile,Farm: SBR1,T1
463696,EVOS Production,222,9/19/2024,Kodiak,AOF1,57.65784073,-152.4201813,Magallana gigas,composite5,,,8.095463753,-20.47363091,43.56589127,8.448893547,19.68840027,juvenile,Farm: AOF1,T1
463697,EVOS Production,222,9/19/2024,Kodiak,AOF1,57.65784073,-152.4201813,Magallana gigas,composite5,,,8.142253876,-20.42450714,43.33882141,7.643131733,19.30170059,juvenile,Farm: AOF1,T1
463698,EVOS Production,222,9/19/2024,Kodiak,AOF1,57.65784073,-152.4201813,Magallana gigas,composite5,,,8.260262489,-20.45030594,43.1775856,7.764485359,19.04870033,juvenile,Farm: AOF1,T1
463699,EVOS Production,222,9/19/2024,Kodiak,AOF1,57.65784073,-152.4201813,Magallana gigas,composite5,,,8.277324677,-20.21457481,41.67041016,8.294513702,19.16189957,juvenile,Farm: AOF1,T1
463700,EVOS Production,223,9/19/2024,Kodiak,AOF1,57.65784073,-152.4201813,Magallana gigas,composite5,,,8.068780899,-20.25815201,41.99877548,7.890876293,19.45170021,juvenile,Farm: AOF1,T1
463701,EVOS Production,223,9/19/2024,Kodiak,AOF1,57.65784073,-152.4201813,Magallana gigas,composite5,,,8.100460052,-20.16410255,41.36413574,7.087769032,17.98999977,juvenile,Farm: AOF1,T1
463702,EVOS Production,223,9/19/2024,Kodiak,AOF1,57.65784073,-152.4201813,Magallana gigas,composite5,,,7.674993992,-20.48860168,43.0593071,8.113713264,19.35449982,juvenile,Farm: AOF1,T1
463703,EVOS Production,223,9/19/2024,Kodiak,AOF1,57.65784073,-152.4201813,Magallana gigas,composite5,,,7.69854641,-20.34718704,41.57268524,7.782513142,18.80240059,juvenile,Farm: AOF1,T1
463704,EVOS Production,224,9/19/2024,Kodiak,AOF1,57.65784073,-152.4201813,Magallana gigas,composite5,,,8.019570351,-20.39468575,43.09753036,7.605489731,19.03829956,juvenile,Farm: AOF1,T1
463705,EVOS Production,224,9/19/2024,Kodiak,AOF1,57.65784073,-152.4201813,Magallana gigas,composite5,,,7.851869583,-20.73519325,44.29437256,7.967637062,19.06990051,juvenile,Farm: AOF1,T1
463706,EVOS Production,224,9/19/2024,Kodiak,AOF1,57.65784073,-152.4201813,Magallana gigas,composite5,,,8.229317665,-20.32262421,42.25366211,8.16570282,18.81299973,juvenile,Farm: AOF1,T1
463707,EVOS Production,224,9/19/2024,Kodiak,AOF1,57.65784073,-152.4201813,Magallana gigas,composite5,,,8.271136284,-20.4451313,43.30630112,8.413430214,19.34569931,juvenile,Farm: AOF1,T1
463708,EVOS Production,225,9/19/2024,Kodiak,KOB1,57.53318024,-154.0269623,Magallana gigas,composite5,,,8.664246559,-19.46001434,44.15623474,7.257364273,17.37689972,juvenile,Farm: KOB1,T1
463709,EVOS Production,225,9/19/2024,Kodiak,KOB1,57.53318024,-154.0269623,Magallana gigas,composite5,,,8.799243927,-19.09611702,42.08177948,7.468502522,18.58740044,juvenile,Farm: KOB1,T1
463710,EVOS Production,225,9/19/2024,Kodiak,KOB1,57.53318024,-154.0269623,Magallana gigas,composite5,,,8.75911808,-19.68648529,44.68448639,6.525243282,19.45789909,juvenile,Farm: KOB1,T1
463711,EVOS Production,225,9/19/2024,Kodiak,KOB1,57.53318024,-154.0269623,Magallana gigas,composite5,,,8.775303841,-19.39941216,44.01052094,7.672151566,18.91020012,juvenile,Farm: KOB1,T1
463712,EVOS Production,226,9/19/2024,Kodiak,KOB1,57.53318024,-154.0269623,Magallana gigas,composite5,,,8.712072372,-19.1822052,42.82016754,6.906793594,18.83469963,juvenile,Farm: KOB1,T1
463713,EVOS Production,226,9/19/2024,Kodiak,KOB1,57.53318024,-154.0269623,Magallana gigas,composite5,,,8.719187737,-19.15415001,43.32594299,7.455545902,18.72389984,juvenile,Farm: KOB1,T1
463714,EVOS Production,226,9/19/2024,Kodiak,KOB1,57.53318024,-154.0269623,Magallana gigas,composite5,,,8.815000534,-19.10405922,43.25669861,7.913844109,18.69809914,juvenile,Farm: KOB1,T1
463715,EVOS Production,226,9/19/2024,Kodiak,KOB1,57.53318024,-154.0269623,Magallana gigas,composite5,,,8.670466423,-19.04887581,42.62923813,7.080328941,19.09490013,juvenile,Farm: KOB1,T1
463716,EVOS Production,227,9/19/2024,Kodiak,KOB1,57.53318024,-154.0269623,Magallana gigas,composite5,,,8.56149292,-19.45929527,43.44347382,7.855447292,18.19239998,juvenile,Farm: KOB1,T1
463717,EVOS Production,227,9/19/2024,Kodiak,KOB1,57.53318024,-154.0269623,Magallana gigas,composite5,,,8.576118469,-19.2785759,43.211586,7.553575516,16.58499908,juvenile,Farm: KOB1,T1
463718,EVOS Production,227,9/19/2024,Kodiak,KOB1,57.53318024,-154.0269623,Magallana gigas,composite5,,,8.589483261,-19.49398613,44.0994339,7.865410805,18.55559921,juvenile,Farm: KOB1,T1
463719,EVOS Production,227,9/19/2024,Kodiak,KOB1,57.53318024,-154.0269623,Magallana gigas,composite5,,,8.660279274,-19.64468575,44.980896,7.833157539,19.26519966,juvenile,Farm: KOB1,T1
463720,EVOS Production,216,9/21/2024,KBY,BCF1,59.46783066,-151.5184021,Magallana gigas,composite5,,,8.130459785,-19.33084679,41.25682449,8.819280624,18.56299973,juvenile,Farm: BCF1,T1
463721,EVOS Production,216,9/21/2024,KBY,BCF1,59.46783066,-151.5184021,Magallana gigas,composite5,,,8.200643539,-19.29749298,41.27841187,9.200117111,18.44070053,juvenile,Farm: BCF1,T1
463722,EVOS Production,216,9/21/2024,KBY,BCF1,59.46783066,-151.5184021,Magallana gigas,composite5,,,8.224506378,-19.22976303,41.53300858,9.269310951,18.28050041,juvenile,Farm: BCF1,T1
463723,EVOS Production,216,9/21/2024,KBY,BCF1,59.46783066,-151.5184021,Magallana gigas,composite5,,,8.235806465,-19.35493088,41.88664246,9.02472496,18.40130043,juvenile,Farm: BCF1,T1
463724,EVOS Production,218,9/21/2024,KBY,BCF1,59.46783066,-151.5184021,Magallana gigas,composite5,,,8.413344383,-19.49843788,42.13032532,8.610649109,18.82530022,juvenile,Farm: BCF1,T1
463725,EVOS Production,218,9/21/2024,KBY,BCF1,59.46783066,-151.5184021,Magallana gigas,composite5,,,8.27808094,-19.49119186,42.56710434,8.495475769,18.82500076,juvenile,Farm: BCF1,T1
463726,EVOS Production,218,9/21/2024,KBY,BCF1,59.46783066,-151.5184021,Magallana gigas,composite5,,,8.406718254,-19.33334351,43.28646088,9.017436028,18.94560051,juvenile,Farm: BCF1,T1
463727,EVOS Production,218,9/21/2024,KBY,BCF1,59.46783066,-151.5184021,Magallana gigas,composite5,,,8.020903587,-19.68649483,42.36738205,8.686825752,18.90229988,juvenile,Farm: BCF1,T1
463728,EVOS Production,217,9/21/2024,KBY,BCF1,59.46783066,-151.5184021,Magallana gigas,composite5,,,8.024616241,-19.43927383,42.30036545,7.854806423,18.89599991,juvenile,Farm: BCF1,T1
463729,EVOS Production,217,9/21/2024,KBY,BCF1,59.46783066,-151.5184021,Magallana gigas,composite5,,,8.034958839,-19.57280731,41.56231308,8.881649971,18.98010063,juvenile,Farm: BCF1,T1
463730,EVOS Production,217,9/21/2024,KBY,BCF1,59.46783066,-151.5184021,Magallana gigas,composite5,,,8.448850632,-19.48316765,41.74187851,9.039867401,18.77860069,juvenile,Farm: BCF1,T1
463731,EVOS Production,217,9/21/2024,KBY,BCF1,59.46783066,-151.5184021,Magallana gigas,composite5,,,8.137081146,-19.74659538,42.39578629,8.567796707,18.37330055,juvenile,Farm: BCF1,T1
463732,EVOS Production,215,9/18/2024,KBY,MIO1,59.57136917,-151.2726288,Magallana gigas,composite5,,,7.537213326,-20.53613281,43.02451706,6.246794701,18.25160027,juvenile,Farm: MIO1,T1
463733,EVOS Production,215,9/18/2024,KBY,MIO1,59.57136917,-151.2726288,Magallana gigas,composite5,,,7.545012951,-20.44361305,42.86584091,6.289466381,18.86720085,juvenile,Farm: MIO1,T1
463734,EVOS Production,215,9/18/2024,KBY,MIO1,59.57136917,-151.2726288,Magallana gigas,composite5,,,7.273024559,-20.1689415,40.94604111,6.038132191,18.78339958,juvenile,Farm: MIO1,T1
463735,EVOS Production,215,9/18/2024,KBY,MIO1,59.57136917,-151.2726288,Magallana gigas,composite5,,,7.401459694,-20.50696182,43.43184662,6.558992386,18.57329941,juvenile,Farm: MIO1,T1
463736,EVOS Production,214,9/18/2024,KBY,MIO1,59.57136917,-151.2726288,Magallana gigas,composite5,,,7.501150131,-20.25332832,41.88002777,7.283698559,18.16480064,juvenile,Farm: MIO1,T1
463737,EVOS Production,214,9/18/2024,KBY,MIO1,59.57136917,-151.2726288,Magallana gigas,composite5,,,7.462395668,-20.43066216,42.5406723,6.110420227,18.6303997,juvenile,Farm: MIO1,T1
463738,EVOS Production,214,9/18/2024,KBY,MIO1,59.57136917,-151.2726288,Magallana gigas,composite5,,,7.79455471,-20.23729324,42.35206223,7.59331274,18.07789993,juvenile,Farm: MIO1,T1
463739,EVOS Production,214,9/18/2024,KBY,MIO1,59.57136917,-151.2726288,Magallana gigas,composite5,,,7.778810024,-19.73442459,39.95754242,6.459071159,18.34370041,juvenile,Farm: MIO1,T1
463740,EVOS Production,213,9/18/2024,KBY,MIO1,59.57136917,-151.2726288,Magallana gigas,composite5,,,7.537800789,-20.4778862,42.76852036,6.887743473,18.98110008,juvenile,Farm: MIO1,T1
463741,EVOS Production,213,9/18/2024,KBY,MIO1,59.57136917,-151.2726288,Magallana gigas,composite5,,,7.713751793,-20.22216225,42.17802429,7.59789753,18.32859993,juvenile,Farm: MIO1,T1
463742,EVOS Production,213,9/18/2024,KBY,MIO1,59.57136917,-151.2726288,Magallana gigas,composite5,,,7.694503307,-20.67823982,43.22789001,6.232759476,18.80310059,juvenile,Farm: MIO1,T1
463743,EVOS Production,213,9/18/2024,KBY,MIO1,59.57136917,-151.2726288,Magallana gigas,composite5,,,7.672152519,-20.24738693,42.7069931,7.102120399,18.60029984,juvenile,Farm: MIO1,T1
463744,EVOS Production,Replacement1,10/3/2024,KBY,SSF1,59.46033096,-151.5187836,Magallana gigas,composite5,,,8.071469307,-18.65452385,39.20104599,7.530077934,17.95439911,juvenile,Farm: SSF1,T1
463745,EVOS Production,Replacement1,10/3/2024,KBY,SSF1,59.46033096,-151.5187836,Magallana gigas,composite5,,,7.652724266,-19.22406197,41.25577545,8.076557159,18.8973999,juvenile,Farm: SSF1,T1
463746,EVOS Production,Replacement1,10/3/2024,KBY,SSF1,59.46033096,-151.5187836,Magallana gigas,composite5,,,7.746522903,-19.28803444,41.99175644,8.416621208,18.60079956,juvenile,Farm: SSF1,T1
463747,EVOS Production,Replacement1,10/3/2024,KBY,SSF1,59.46033096,-151.5187836,Magallana gigas,composite5,,,7.477323532,-19.3035965,41.36268616,7.307085037,18.52610016,juvenile,Farm: SSF1,T1
463748,EVOS Production,Replacement2,10/3/2024,KBY,SSF1,59.46033096,-151.5187836,Magallana gigas,composite5,,,7.750759602,-19.16069603,40.39265823,8.03834343,18.05089951,juvenile,Farm: SSF1,T1
463749,EVOS Production,Replacement2,10/3/2024,KBY,SSF1,59.46033096,-151.5187836,Magallana gigas,composite5,,,7.413435936,-19.44279671,41.50872803,7.695772648,18.57999992,juvenile,Farm: SSF1,T1
463750,EVOS Production,Replacement2,10/3/2024,KBY,SSF1,59.46033096,-151.5187836,Magallana gigas,composite5,,,7.619744301,-19.1081562,40.96521759,8.337331772,17.74620056,juvenile,Farm: SSF1,T1
463751,EVOS Production,Replacement2,10/3/2024,KBY,SSF1,59.46033096,-151.5187836,Magallana gigas,composite5,,,7.790260792,-19.25794411,41.7475853,8.46821022,18.57069969,juvenile,Farm: SSF1,T1
463752,EVOS Production,Replacement3,10/3/2024,KBY,SSF1,59.46033096,-151.5187836,Magallana gigas,composite5,,,7.586411476,-18.9373188,39.72411346,7.891820908,17.25779915,juvenile,Farm: SSF1,T1
463753,EVOS Production,Replacement3,10/3/2024,KBY,SSF1,59.46033096,-151.5187836,Magallana gigas,composite5,,,7.723617077,-19.304245,41.75364685,7.543503284,19.01989937,juvenile,Farm: SSF1,T1
463754,EVOS Production,Replacement3,10/3/2024,KBY,SSF1,59.46033096,-151.5187836,Magallana gigas,composite5,,,7.991467953,-18.66539955,38.7889328,7.580536366,17.89570045,juvenile,Farm: SSF1,T1
463755,EVOS Production,Replacement3,10/3/2024,KBY,SSF1,59.46033096,-151.5187836,Magallana gigas,composite5,,,7.493866444,-19.62182236,42.0364151,7.245029449,18.77540016,juvenile,Farm: SSF1,T1
